{
	 "rootnode": {
		 "name": "unnamed"
		,"transformation": [
			 0.0254
			,0
			,0
			,0
			,0
			,0
			,0.0254
			,0
			,0
			,-0.0254
			,0
			,0
			,0
			,0
			,0
			,1
		]
		,"children": [
			{
				 "name": "SketchUp"
				,"transformation": [
					 1
					,0
					,0
					,0
					,0
					,1
					,0
					,0
					,0
					,0
					,1
					,0
					,0
					,0
					,0
					,1
				]
				,"meshes": [
					 0
					,1
					,2
				]
				,"children": [
					{
						 "name": "Last Saved SketchUp View"
						,"transformation": [
							 -0.922003
							,-0.175354
							,0.345199
							,580374
							,0.387184
							,-0.417571
							,0.822024
							,1.38203e+06
							,-5.96046e-08
							,0.891564
							,0.452895
							,761457
							,0
							,0
							,0
							,1
						]
					}
				]
			}
		]
	}
	,"flags": 8
	,"meshes": [
		{
			 "name": ""
			,"materialindex": 2
			,"primitivetypes": 4
			,"vertices": [
				 31.4961
				,-15.748
				,17.7165
				,23.622
				,-15.748
				,0
				,31.4961
				,-15.748
				,0
				,23.622
				,-15.748
				,1.9685
				,23.622
				,-15.748
				,15.748
				,23.622
				,-15.748
				,17.7165
				,31.4961
				,15.748
				,0
				,23.622
				,-15.748
				,0
				,23.622
				,15.748
				,0
				,31.4961
				,-15.748
				,0
				,31.4961
				,15.748
				,0
				,31.4961
				,-15.748
				,17.7165
				,31.4961
				,-15.748
				,0
				,31.4961
				,15.748
				,17.7165
				,31.4961
				,-15.748
				,17.7165
				,23.622
				,15.748
				,17.7165
				,23.622
				,-15.748
				,17.7165
				,31.4961
				,15.748
				,17.7165
				,23.622
				,15.748
				,1.9685
				,31.4961
				,15.748
				,0
				,23.622
				,15.748
				,0
				,31.4961
				,15.748
				,17.7165
				,23.622
				,15.748
				,15.748
				,23.622
				,15.748
				,17.7165
				,-23.622
				,-15.748
				,1.9685
				,-31.4961
				,-15.748
				,0
				,-23.622
				,-15.748
				,0
				,-31.4961
				,-15.748
				,17.7165
				,-23.622
				,-15.748
				,15.748
				,-23.622
				,-15.748
				,17.7165
				,-23.622
				,-15.748
				,17.7165
				,-31.4961
				,15.748
				,17.7165
				,-31.4961
				,-15.748
				,17.7165
				,-23.622
				,15.748
				,17.7165
				,-31.4961
				,15.748
				,17.7165
				,-31.4961
				,-15.748
				,0
				,-31.4961
				,-15.748
				,17.7165
				,-31.4961
				,15.748
				,0
				,-23.622
				,15.748
				,0
				,-31.4961
				,-15.748
				,0
				,-31.4961
				,15.748
				,0
				,-23.622
				,-15.748
				,0
				,-31.4961
				,15.748
				,17.7165
				,-23.622
				,15.748
				,0
				,-31.4961
				,15.748
				,0
				,-23.622
				,15.748
				,1.9685
				,-23.622
				,15.748
				,15.748
				,-23.622
				,15.748
				,17.7165
			]
			,"normals": [
				 0
				,-1
				,0
				,0
				,-1
				,0
				,0
				,-1
				,0
				,0
				,-1
				,0
				,0
				,-1
				,0
				,0
				,-1
				,0
				,0
				,0
				,-1
				,0
				,0
				,-1
				,0
				,0
				,-1
				,0
				,0
				,-1
				,1
				,0
				,0
				,1
				,0
				,0
				,1
				,0
				,0
				,1
				,0
				,0
				,0
				,0
				,1
				,0
				,0
				,1
				,0
				,0
				,1
				,0
				,0
				,1
				,-0
				,1
				,-0
				,-0
				,1
				,-0
				,-0
				,1
				,-0
				,-0
				,1
				,-0
				,-0
				,1
				,-0
				,-0
				,1
				,-0
				,0
				,-1
				,0
				,0
				,-1
				,0
				,0
				,-1
				,0
				,0
				,-1
				,0
				,0
				,-1
				,0
				,0
				,-1
				,0
				,0
				,0
				,1
				,0
				,0
				,1
				,0
				,0
				,1
				,0
				,0
				,1
				,-1
				,0
				,0
				,-1
				,0
				,0
				,-1
				,0
				,0
				,-1
				,0
				,0
				,0
				,0
				,-1
				,0
				,0
				,-1
				,0
				,0
				,-1
				,0
				,0
				,-1
				,-0
				,1
				,-0
				,-0
				,1
				,-0
				,-0
				,1
				,-0
				,-0
				,1
				,-0
				,-0
				,1
				,-0
				,-0
				,1
				,-0
			]
			,"faces": [
				[
					 0
					,1
					,2
				]
				,[
					 1
					,0
					,3
				]
				,[
					 3
					,0
					,4
				]
				,[
					 4
					,0
					,5
				]
				,[
					 6
					,7
					,8
				]
				,[
					 7
					,6
					,9
				]
				,[
					 10
					,11
					,12
				]
				,[
					 11
					,10
					,13
				]
				,[
					 14
					,15
					,16
				]
				,[
					 15
					,14
					,17
				]
				,[
					 18
					,19
					,20
				]
				,[
					 19
					,18
					,21
				]
				,[
					 21
					,18
					,22
				]
				,[
					 21
					,22
					,23
				]
				,[
					 24
					,25
					,26
				]
				,[
					 25
					,24
					,27
				]
				,[
					 27
					,24
					,28
				]
				,[
					 27
					,28
					,29
				]
				,[
					 30
					,31
					,32
				]
				,[
					 31
					,30
					,33
				]
				,[
					 34
					,35
					,36
				]
				,[
					 35
					,34
					,37
				]
				,[
					 38
					,39
					,40
				]
				,[
					 39
					,38
					,41
				]
				,[
					 42
					,43
					,44
				]
				,[
					 43
					,42
					,45
				]
				,[
					 45
					,42
					,46
				]
				,[
					 46
					,42
					,47
				]
			]
		}
		,{
			 "name": "ID16"
			,"materialindex": 0
			,"primitivetypes": 4
			,"vertices": [
				 -23.622
				,15.748
				,1.9685
				,23.622
				,15.748
				,0
				,-23.622
				,15.748
				,0
				,23.622
				,15.748
				,1.9685
				,-23.622
				,15.748
				,15.748
				,23.622
				,15.748
				,15.748
				,-23.622
				,15.748
				,17.7165
				,23.622
				,15.748
				,17.7165
				,23.622
				,-15.748
				,17.7165
				,-23.622
				,15.748
				,17.7165
				,-23.622
				,-15.748
				,17.7165
				,23.622
				,15.748
				,17.7165
				,23.622
				,15.748
				,0
				,-23.622
				,-15.748
				,0
				,-23.622
				,15.748
				,0
				,23.622
				,-15.748
				,0
				,23.622
				,-15.748
				,1.9685
				,-23.622
				,-15.748
				,0
				,23.622
				,-15.748
				,0
				,-23.622
				,-15.748
				,1.9685
				,-23.622
				,-15.748
				,15.748
				,23.622
				,-15.748
				,15.748
				,23.622
				,-15.748
				,17.7165
				,-23.622
				,-15.748
				,17.7165
			]
			,"normals": [
				 -0
				,1
				,-0
				,-0
				,1
				,-0
				,-0
				,1
				,-0
				,-0
				,1
				,-0
				,-0
				,1
				,-0
				,-0
				,1
				,-0
				,-0
				,1
				,-0
				,-0
				,1
				,-0
				,0
				,0
				,1
				,0
				,0
				,1
				,0
				,0
				,1
				,0
				,0
				,1
				,0
				,0
				,-1
				,0
				,0
				,-1
				,0
				,0
				,-1
				,0
				,0
				,-1
				,0
				,-1
				,0
				,0
				,-1
				,0
				,0
				,-1
				,0
				,0
				,-1
				,0
				,0
				,-1
				,0
				,0
				,-1
				,0
				,0
				,-1
				,0
				,0
				,-1
				,0
			]
			,"faces": [
				[
					 0
					,1
					,2
				]
				,[
					 1
					,0
					,3
				]
				,[
					 3
					,0
					,4
				]
				,[
					 3
					,4
					,5
				]
				,[
					 5
					,4
					,6
				]
				,[
					 5
					,6
					,7
				]
				,[
					 8
					,9
					,10
				]
				,[
					 9
					,8
					,11
				]
				,[
					 12
					,13
					,14
				]
				,[
					 13
					,12
					,15
				]
				,[
					 16
					,17
					,18
				]
				,[
					 17
					,16
					,19
				]
				,[
					 19
					,16
					,20
				]
				,[
					 20
					,16
					,21
				]
				,[
					 20
					,21
					,22
				]
				,[
					 20
					,22
					,23
				]
			]
		}
		,{
			 "name": ""
			,"materialindex": 1
			,"primitivetypes": 4
			,"vertices": [
				 -23.622
				,15.748
				,15.748
				,-23.622
				,-15.748
				,17.7165
				,-23.622
				,-15.748
				,15.748
				,-23.622
				,15.748
				,17.7165
				,-23.622
				,15.748
				,1.9685
				,-23.622
				,-15.748
				,1.9685
				,-23.622
				,15.748
				,0
				,-23.622
				,-15.748
				,0
				,23.622
				,15.748
				,15.748
				,23.622
				,-15.748
				,17.7165
				,23.622
				,-15.748
				,15.748
				,23.622
				,15.748
				,17.7165
				,23.622
				,15.748
				,15.748
				,23.622
				,-15.748
				,1.9685
				,23.622
				,-15.748
				,15.748
				,23.622
				,15.748
				,1.9685
				,23.622
				,-15.748
				,0
				,23.622
				,15.748
				,0
			]
			,